Group,N,Prev_w,TPR,TNR,PPV,NPV,AUC
Overall,5967,0.118,0.501 (0.452–0.550),0.940 (0.932–0.947),0.526 (0.489–0.562),0.934 (0.922–0.945),0.881 (0.867–0.895)
Sex: Male,2708,0.132,0.516 (0.450–0.582),0.927 (0.915–0.939),0.517 (0.471–0.563),0.926 (0.911–0.941),0.868 (0.846–0.890)
Sex: Female,3259,0.104,0.483 (0.418–0.547),0.952 (0.943–0.960),0.537 (0.483–0.592),0.940 (0.925–0.955),0.892 (0.872–0.912)
Age <45,2084,0.041,0.142 (0.053–0.232),0.994 (0.989–0.999),0.506 (0.233–0.779),0.964 (0.954–0.975),0.903 (0.864–0.943)
Age 45–64,1975,0.162,0.568 (0.486–0.651),0.925 (0.907–0.942),0.593 (0.530–0.656),0.917 (0.900–0.934),0.868 (0.838–0.898)
Age 65+,1908,0.212,0.569 (0.496–0.641),0.826 (0.802–0.850),0.468 (0.426–0.509),0.877 (0.838–0.916),0.798 (0.778–0.818)
BMI <25,1627,0.046,0.405 (0.299–0.511),0.986 (0.980–0.992),0.580 (0.447–0.714),0.972 (0.963–0.981),0.914 (0.875–0.954)
BMI 25–30,1962,0.089,0.411 (0.313–0.509),0.951 (0.937–0.965),0.451 (0.351–0.551),0.943 (0.927–0.959),0.873 (0.843–0.902)
BMI 30+,2378,0.193,0.552 (0.500–0.605),0.890 (0.876–0.904),0.546 (0.501–0.590),0.892 (0.873–0.912),0.837 (0.820–0.854)
Race: Mexican American,427,0.148,0.553 (0.358–0.748),0.950 (0.918–0.983),0.659 (0.500–0.817),0.925 (0.886–0.964),0.883 (0.811–0.954)
Race: Other Hispanic,615,0.109,0.563 (0.397–0.729),0.931 (0.899–0.962),0.499 (0.329–0.669),0.946 (0.916–0.975),0.896 (0.843–0.948)
Race: Non-H White,3504,0.105,0.478 (0.392–0.564),0.946 (0.936–0.957),0.513 (0.445–0.581),0.939 (0.923–0.955),0.884 (0.869–0.899)
Race: Non-H Black,707,0.171,0.414 (0.331–0.497),0.914 (0.888–0.939),0.498 (0.429–0.567),0.883 (0.847–0.919),0.823 (0.787–0.859)
Race: Non-H Asian,329,0.102,0.664 (0.509–0.819),0.962 (0.935–0.989),0.665 (0.428–0.902),0.962 (0.941–0.983),0.933 (0.893–0.974)
Race: Other,385,0.144,0.586 (0.466–0.707),0.889 (0.841–0.938),0.471 (0.335–0.608),0.927 (0.899–0.956),0.876 (0.838–0.913)
