Model,N_test,N_positive,Prevalence%,Threshold,ROC-AUC,CI_95_lo,CI_95_hi,PR-AUC,F1,Kappa,Recall,Specificity,Precision,Accuracy,Brier,ECE,TP,TN,FP,FN
LightGBM,5967,836,14.01,0.28,0.8694,0.8578,0.8804,0.5352,0.5297,0.4381,0.634,0.8762,0.4549,0.8423,0.0892,0.0181,530,4496,635,306
XGBoost,5967,836,14.01,0.275,0.8622,0.8501,0.8739,0.5243,0.5149,0.4197,0.6208,0.8712,0.4398,0.8361,0.0905,0.0239,519,4470,661,317
FT-Transformer,5967,836,14.01,0.31,0.8605,0.8489,0.8725,0.5179,0.5115,0.431,0.5167,0.9179,0.5064,0.8617,0.09,0.0149,432,4710,421,404
Random Forest,5967,836,14.01,0.26,0.8513,0.8397,0.8639,0.4808,0.4938,0.3978,0.573,0.8782,0.4339,0.8354,0.0933,0.0208,479,4506,625,357
GBM (sklearn),5967,836,14.01,0.3,0.8633,0.8517,0.8748,0.5126,0.5145,0.4245,0.5825,0.8889,0.4607,0.846,0.0906,0.0196,487,4561,570,349
SVM (RBF),5967,836,14.01,0.295,0.8506,0.8388,0.8626,0.4552,0.4943,0.3986,0.5718,0.8792,0.4353,0.8361,0.0943,0.0175,478,4511,620,358
Stacking (Ours),5967,836,14.01,0.29,0.8683,0.8571,0.8793,0.5281,0.5233,0.4433,0.5371,0.916,0.5102,0.8629,0.09,0.0226,449,4700,431,387
Baseline A (Simple Clinical LR),5967,836,14.01,0.61,0.7588,0.743,0.7755,0.3108,0.3762,0.2228,0.6364,0.7155,0.2671,0.7044,0.2296,0.3199,532,3671,1460,304
Baseline B (Strong Non-Invasive LR),5967,836,14.01,0.55,0.7611,0.7455,0.7776,0.3116,0.3783,0.2151,0.7333,0.6508,0.2549,0.6623,0.2271,0.3164,613,3339,1792,223
Full-Feature LR Baseline,5967,836,14.01,0.705,0.8425,0.8305,0.8549,0.448,0.4922,0.3885,0.6232,0.8519,0.4067,0.8198,0.1987,0.2872,521,4371,760,315
Non-Invasive Broad Stacking (23 features),5967,836,14.01,0.25,0.8292,0.8163,0.8429,0.4181,0.4392,0.342,0.4641,0.8942,0.4168,0.8339,0.0994,0.0201,388,4588,543,448
